"Index","Commit","Parents","Date","Author","Subject","Category","Disposition","PortCommit","Notes"
"1","f3468c0ae2d60d24776e97a73c9a3b512b23c212","","2023-05-15T16:15:06-07:00","IntegraMOD","Initial commit","pending","pending","",""
"2","98bcc6c2f7453da914300e4cb14ff79cc07f459a","f3468c0ae2d60d24776e97a73c9a3b512b23c212","2023-05-15T16:26:59-07:00","IntegraMOD","Update README.md","pending","pending","",""
"3","ec9bc5b5b6bb44780265b24c8bf3efc38b548b7a","98bcc6c2f7453da914300e4cb14ff79cc07f459a","2023-05-15T16:28:11-07:00","IntegraMOD","Update README.md","pending","pending","",""
"4","99cdcd45ee1870bb3b773c2bb3a0e271109bdec9","ec9bc5b5b6bb44780265b24c8bf3efc38b548b7a","2023-05-15T16:31:16-07:00","IntegraMOD","Update README.md","pending","pending","",""
"5","26abff5fccf719697d22c75f7f075288e8e5741e","99cdcd45ee1870bb3b773c2bb3a0e271109bdec9","2023-05-15T16:33:23-07:00","IntegraMOD","Update README.md","pending","pending","",""
"6","1fcb58ef5b7e08ce7db594ec46fdb6b8c9fced7a","26abff5fccf719697d22c75f7f075288e8e5741e","2023-05-15T17:03:30-07:00","IntegraMOD","original phpBB2.0.23","pending","pending","",""
"7","ee67d29d8c882c38a13f21cea6b89b7c0d724322","1fcb58ef5b7e08ce7db594ec46fdb6b8c9fced7a","2023-05-15T17:07:35-07:00","IntegraMOD","phpBB 2.0.25","pending","pending","",""
"8","43957d762adb249576d28148ea4e6a6e34dfd5eb","ee67d29d8c882c38a13f21cea6b89b7c0d724322","2023-05-16T14:28:30-07:00","IntegraMOD","updated FIsubIce navbar","pending","pending","",""
"9","3ee8330731efad52d5ad0ba014462c5d3fdde4ca","43957d762adb249576d28148ea4e6a6e34dfd5eb","2023-05-16T14:31:50-07:00","IntegraMOD","Update overall_footer.tpl","pending","pending","",""
"10","621e444a2594ba8856dc6101f74b5a888ff18451","3ee8330731efad52d5ad0ba014462c5d3fdde4ca","2023-05-19T01:49:37-07:00","IntegraMOD","template updates","pending","pending","",""
"11","751781dadf3f2df931f3b198507bd920ef466e6c","621e444a2594ba8856dc6101f74b5a888ff18451","2023-06-09T23:29:49-07:00","IntegraMOD","updates","pending","pending","",""
"12","c52e96d63409ff5d602080299e4d62f6e6407b46","751781dadf3f2df931f3b198507bd920ef466e6c","2023-06-10T10:02:45-07:00","IntegraMOD","removed template","pending","pending","",""
"13","f4645c6708593e10a3323a6674529def109405b2","c52e96d63409ff5d602080299e4d62f6e6407b46","2023-06-25T21:34:43-07:00","IntegraMOD","BS_subIce BS_subSilver","pending","pending","",""
"14","40e0967fc4bb204250da73567f65f527a7f11fcf","f4645c6708593e10a3323a6674529def109405b2","2023-06-25T22:04:16-07:00","IntegraMOD","misc","pending","pending","",""
"15","43ce53d5301c8de3db1112e106b3924db2617e56","40e0967fc4bb204250da73567f65f527a7f11fcf","2023-06-25T22:06:14-07:00","IntegraMOD","rem xs files","pending","pending","",""
"16","04d8f736625b1084b1228e460b85505bcd3a564d","43ce53d5301c8de3db1112e106b3924db2617e56","2023-06-26T18:05:33-07:00","IntegraMOD","minor template button fixes","pending","pending","",""
"17","b20b41e45f8e1abb2347d10cddb62feaa6a75267","04d8f736625b1084b1228e460b85505bcd3a564d","2023-06-26T18:23:33-07:00","IntegraMOD","resize textbox","pending","pending","",""
"18","d85d6f2ae5dbffcc15b6035483c639ff8f84df9b","b20b41e45f8e1abb2347d10cddb62feaa6a75267","2023-06-26T21:10:04-07:00","IntegraMOD","template tweaks","pending","pending","",""
"19","4aa8f3cdf144595fea33979ac1bc916ae8f7dc1e","d85d6f2ae5dbffcc15b6035483c639ff8f84df9b","2023-07-01T07:34:38-07:00","IntegraMOD","template tweaks","pending","pending","",""
"20","d17b773a6d83bcfb929ca2cf28305a0b44ae5f1d","4aa8f3cdf144595fea33979ac1bc916ae8f7dc1e","2023-07-01T08:15:03-07:00","IntegraMOD","Create admin.css","pending","pending","",""
"21","389e9c6da809efe65d01b40ae4be93bf29baac0c","d17b773a6d83bcfb929ca2cf28305a0b44ae5f1d","2023-07-05T20:47:17-07:00","IntegraMOD","sn link updates and template tweeks","pending","pending","",""
"22","2c8baf7b4025b37b759ee07c37b3a9f5d458c5f9","389e9c6da809efe65d01b40ae4be93bf29baac0c","2023-07-05T20:53:18-07:00","IntegraMOD","Update README.md","pending","pending","",""
"23","78adcadc26afa40477ddb4fc260e01e66e544057","2c8baf7b4025b37b759ee07c37b3a9f5d458c5f9","2023-07-09T13:06:37-07:00","IntegraMOD","updates","pending","pending","",""
"24","57d80bc038c3d991be7c2f5f89d569036202ee87","78adcadc26afa40477ddb4fc260e01e66e544057","2023-07-09T22:34:52-07:00","IntegraMOD","php updates","pending","pending","",""
"25","75e933b42ea837ad644ffcc283b1b6930e6ebdc5","57d80bc038c3d991be7c2f5f89d569036202ee87","2023-07-10T14:05:52-07:00","IntegraMOD","php fixes","pending","pending","",""
"26","5946a0d8a07b87def01c4b325701e47009876cc6","75e933b42ea837ad644ffcc283b1b6930e6ebdc5","2023-07-13T21:51:09-07:00","IntegraMOD","removed sn","pending","pending","",""
"27","a66b31e684240821c34297a87c57751106c851d5","5946a0d8a07b87def01c4b325701e47009876cc6","2023-07-15T13:09:48-07:00","IntegraMOD","count","pending","pending","",""
"28","77c3116101009d3e27e7b064ee4a0d5b93f7d99c","a66b31e684240821c34297a87c57751106c851d5","2023-07-22T17:25:57-07:00","IntegraMOD","utf-8 support","pending","pending","",""
"29","48059cf4e9ee6c21b876d6e1f6c43eda92570f0d","77c3116101009d3e27e7b064ee4a0d5b93f7d99c","2023-07-23T12:42:01-07:00","IntegraMOD","page generation time","pending","pending","",""
"30","6cc9fe44c37e32b5ec8be9710bc5bdd67f90b4ff","48059cf4e9ee6c21b876d6e1f6c43eda92570f0d","2023-07-26T07:23:31-07:00","IntegraMOD","page generation time fix","pending","pending","",""
"31","442cc4ce0f3c4546aa97ff37eca7403029806135","6cc9fe44c37e32b5ec8be9710bc5bdd67f90b4ff","2023-07-26T07:41:39-07:00","IntegraMOD","Update mysqli.php","pending","pending","",""
"32","d30bf5c9ac1ad39702fbf2595bc92c5f3536a494","442cc4ce0f3c4546aa97ff37eca7403029806135","2023-08-26T10:51:03-07:00","IntegraMOD","left over","pending","pending","",""
"33","76ae0f3239545cf3b450cd30cef17bd7b034bc08","6cc9fe44c37e32b5ec8be9710bc5bdd67f90b4ff","2023-08-01T15:40:26+02:00","vendethiel","Add docker file and run bash script","pending","pending","",""
"34","e4a96b94b023423978e7fab297597348b2da303f","6cc9fe44c37e32b5ec8be9710bc5bdd67f90b4ff 76ae0f3239545cf3b450cd30cef17bd7b034bc08","2023-08-20T19:30:52-07:00","IntegraMOD","Merge pull request #1 from IntegraMOD/docker","pending","pending","",""
"35","66ed532a569030eb2e889ac80c7b2b2c8426c493","d30bf5c9ac1ad39702fbf2595bc92c5f3536a494 e4a96b94b023423978e7fab297597348b2da303f","2023-08-26T10:54:14-07:00","IntegraMOD","Merge branch 'main' of https://github.com/IntegraMOD/phpBB2x","pending","pending","",""
"36","f7fffa1c15b8b98575e03549c56b6fa6f22a9aa1","66ed532a569030eb2e889ac80c7b2b2c8426c493","2023-08-27T16:20:34-07:00","IntegraMOD","reset","pending","pending","",""
"37","c29f4f2cfaa165d7571d3a76665bc167ab83bbd7","f7fffa1c15b8b98575e03549c56b6fa6f22a9aa1","2023-08-28T07:31:16-07:00","IntegraMOD","Update mysqli.php","pending","pending","",""
"38","43143bfc4dad30e753afb0c5bc2a6db51f0de237","c29f4f2cfaa165d7571d3a76665bc167ab83bbd7","2023-09-01T11:32:39-07:00","IntegraMOD","debugging DEBUG","pending","pending","",""
"39","4c421a1c7ed4c44dc0bc976fdf37c7df344adeec","43143bfc4dad30e753afb0c5bc2a6db51f0de237","2023-09-20T08:05:23-07:00","IntegraMOD","fa update","pending","pending","",""
"40","5e6e8f24563b7945eda174158dce84e7ab98ed1b","4c421a1c7ed4c44dc0bc976fdf37c7df344adeec","2024-05-06T20:48:31-07:00","IntegraMOD","Update sessions.php","pending","pending","",""
"41","87e5f6a82ec4ca1b62daeb5e5b6fe460dcb94abc","5e6e8f24563b7945eda174158dce84e7ab98ed1b","2024-05-13T17:29:32-07:00","IntegraMOD","added responsive class to index","pending","pending","",""
"42","58969e0338ed144d42539d977dadcfc82e0f33b1","87e5f6a82ec4ca1b62daeb5e5b6fe460dcb94abc","2024-05-13T17:45:03-07:00","IntegraMOD","Update sessions.php","pending","pending","",""
"43","4a4875ff21d8f4ff7c1a162ced173928547fa804","58969e0338ed144d42539d977dadcfc82e0f33b1","2024-05-13T17:53:25-07:00","IntegraMOD","responsive update","pending","pending","",""
"44","ee8d335d1d22a6d792992bfb3d11611fe0dd57ce","4a4875ff21d8f4ff7c1a162ced173928547fa804","2024-05-13T18:33:50-07:00","IntegraMOD","updated fontawsome","pending","pending","",""
"45","95692065b7908aae31d65f2f142b12f7ec9692a3","ee8d335d1d22a6d792992bfb3d11611fe0dd57ce","2024-05-13T20:46:23-07:00","IntegraMOD","Update install.php","pending","pending","",""
"46","f5e9a6ceb274c29b38d9a4e1caf648690f82a117","95692065b7908aae31d65f2f142b12f7ec9692a3","2024-05-14T18:40:57-07:00","IntegraMOD","Update install.php","pending","pending","",""
"47","711f3c19c8a4e1a806caa7575ff1d940efad6248","f5e9a6ceb274c29b38d9a4e1caf648690f82a117","2024-05-14T19:27:16-07:00","IntegraMOD","fixed install","pending","pending","",""
"48","672520c748da828d1cdbaff4c4b66e44c73e88d5","711f3c19c8a4e1a806caa7575ff1d940efad6248","2024-06-02T20:29:55-07:00","IntegraMOD","responsive","pending","pending","",""
"49","fe1f75a293ad3387d849ea7a8f4907ffe280f980","672520c748da828d1cdbaff4c4b66e44c73e88d5","2024-06-03T21:40:27-07:00","IntegraMOD","Update groupcp.php","pending","pending","",""
"50","6be0f0e7dac700f58d593655245da39b35b38d39","fe1f75a293ad3387d849ea7a8f4907ffe280f980","2024-06-09T14:22:28-07:00","IntegraMOD","responsive template updates","pending","pending","",""
"51","33aa0ad424268f654b7e498a27c4eb76bf4a9b38","6be0f0e7dac700f58d593655245da39b35b38d39","2024-06-10T16:14:13-07:00","IntegraMOD","a few responsive tweaks","pending","pending","",""
"52","592a4d8984455b4acb42b783f699337064e8cf1c","33aa0ad424268f654b7e498a27c4eb76bf4a9b38","2024-07-14T19:33:22-07:00","IntegraMOD","php8 updates","pending","pending","",""
"53","73438b8e5a3119abfc54b34b3625061bbb6c76ec","592a4d8984455b4acb42b783f699337064e8cf1c","2024-07-16T10:32:21-07:00","IntegraMOD","replace missing social net fields","pending","pending","",""
"54","a1eae1cb6459fe0815e6f8a9e68fb7b23e048058","73438b8e5a3119abfc54b34b3625061bbb6c76ec","2024-07-16T12:40:24-07:00","IntegraMOD","missing profile icons","pending","pending","",""
"55","3526f9095609cc016e664bd20db6f018d621e28e","a1eae1cb6459fe0815e6f8a9e68fb7b23e048058","2024-07-17T10:58:23-07:00","IntegraMOD","php8.3.9","pending","pending","",""
"56","5bea46bb894f2ea63b72187ccb020a7a2136d111","3526f9095609cc016e664bd20db6f018d621e28e","2024-07-17T11:49:40-07:00","IntegraMOD","fix typo","pending","pending","",""
"57","336dc81c0b7140f3e77465a40ff16f1d2de94f83","5bea46bb894f2ea63b72187ccb020a7a2136d111","2024-07-18T11:55:51-07:00","IntegraMOD","Update admin_forumauth.php","pending","pending","",""
"58","5339c536c8da8ec55ba608d9a0aa63bb013299de","336dc81c0b7140f3e77465a40ff16f1d2de94f83","2024-07-18T12:42:49-07:00","IntegraMOD","admin header link fix, php8 fixes","pending","pending","",""
"59","d2b3f68a2c91d7692fa2137dc9c56ebf131dde7d","5339c536c8da8ec55ba608d9a0aa63bb013299de","2024-07-19T17:08:27-07:00","IntegraMOD","fix registration errors","pending","pending","",""
"60","19799a9d2ea69b02b83ff0c5504943f8261823f3","d2b3f68a2c91d7692fa2137dc9c56ebf131dde7d","2024-07-21T14:14:29-07:00","IntegraMOD","Update functions.php","pending","pending","",""
"61","f20a6cd51ee7fb53e9e228060a80f13b2a4a6016","19799a9d2ea69b02b83ff0c5504943f8261823f3","2024-07-22T22:10:22-07:00","IntegraMOD","Fix avatar gallery","pending","pending","",""
"62","00ce5c1e6e4d4f03106086a62eb726dbb9ba2d63","f20a6cd51ee7fb53e9e228060a80f13b2a4a6016","2024-07-26T11:10:23-07:00","IntegraMOD","Update sessions.php","pending","pending","",""
"63","1ab5077dfd826fd57e60b256aa7edcecf8f52027","00ce5c1e6e4d4f03106086a62eb726dbb9ba2d63","2024-07-26T11:57:47-07:00","IntegraMOD","Update sessions.php","pending","pending","",""
"64","f17e0b6f53847fa08dc244768c874ce50650c69a","1ab5077dfd826fd57e60b256aa7edcecf8f52027","2024-08-03T15:29:38-07:00","IntegraMOD","IM Portal for phpBB2x","pending","pending","",""
"65","a756de9a13976d3f2a8c4db800b72b92690f851a","f17e0b6f53847fa08dc244768c874ce50650c69a","2024-08-03T15:32:25-07:00","IntegraMOD","Update","pending","pending","",""
"66","5c72fa5366581a496b1e50e3ae57198766790ae1","a756de9a13976d3f2a8c4db800b72b92690f851a","2024-08-03T16:24:13-07:00","IntegraMOD","Update functions_portal.php","pending","pending","",""
"67","f32cb6c47cf3341f7282fda630694d9e5576bd5b","5c72fa5366581a496b1e50e3ae57198766790ae1","2024-08-03T16:46:57-07:00","IntegraMOD","Update blocks_imp_recent_topics.php","pending","pending","",""
"68","fcbe084eb44a69d59cadec18ff2bfad153935225","f32cb6c47cf3341f7282fda630694d9e5576bd5b","2024-08-03T17:36:02-07:00","IntegraMOD","Update blocks_imp_recent_topics.php","pending","pending","",""
"69","0427498ff5cdfc08ff6650253110cb3ef9fda72d","fcbe084eb44a69d59cadec18ff2bfad153935225","2024-08-03T18:41:20-07:00","IntegraMOD","Admin Userlist","pending","pending","",""
"70","4d8fa937d9598c88bd71a6fb525188ba65d357fa","0427498ff5cdfc08ff6650253110cb3ef9fda72d","2024-08-03T18:57:01-07:00","IntegraMOD","Update blocks_imp_online_users.php","pending","pending","",""
"71","41f989bab281dcc82c8e46a7199397866d2b17cd","4d8fa937d9598c88bd71a6fb525188ba65d357fa","2024-08-06T07:01:17-07:00","IntegraMOD","Update README.md","pending","pending","",""
"72","610a1da40a93502c870d15b8b32b449468486e7b","41f989bab281dcc82c8e46a7199397866d2b17cd","2024-08-06T12:31:02-05:00","Ray","Install Updates","pending","pending","",""
"73","3ada5bcc60e2bf0ceafa12b2361cccc219b436ba","610a1da40a93502c870d15b8b32b449468486e7b","2024-08-06T22:34:17-05:00","Ray","Update to Functions Install Instructions","pending","pending","",""
"74","9acc5d39d0fce166d9ffda6c4246848f455b7736","4d8fa937d9598c88bd71a6fb525188ba65d357fa","2024-08-06T16:11:08-07:00","IntegraMOD","Update install.php","pending","pending","",""
"75","515050232f1380377266a488958f05989cc72798","9acc5d39d0fce166d9ffda6c4246848f455b7736 41f989bab281dcc82c8e46a7199397866d2b17cd","2024-08-06T16:11:22-07:00","IntegraMOD","Merge branch 'main' of https://github.com/IntegraMOD/phpBB2x","pending","pending","",""
"76","adb2e1fe8c768415e5384821946400684c873252","515050232f1380377266a488958f05989cc72798 610a1da40a93502c870d15b8b32b449468486e7b","2024-08-06T18:43:21-07:00","IntegraMOD","Merge pull request #2 from MWE001/main","pending","pending","",""
"77","ec7cb594a9b74c40b71ea450f5031e5188cee742","3ada5bcc60e2bf0ceafa12b2361cccc219b436ba adb2e1fe8c768415e5384821946400684c873252","2024-08-06T22:35:48-05:00","Ray","Merge branch 'IntegraMOD:main' into main","pending","pending","",""
"78","d4457c8a275321964cb74ee9bddb1a0d6abd7529","adb2e1fe8c768415e5384821946400684c873252 ec7cb594a9b74c40b71ea450f5031e5188cee742","2024-08-07T13:09:38-07:00","IntegraMOD","Merge pull request #3 from MWE001/main","pending","pending","",""
"79","f99c333306747d1eeb737b4cd7c0cf2d8bef4c4a","d4457c8a275321964cb74ee9bddb1a0d6abd7529","2024-08-08T10:01:22-07:00","IntegraMOD","Update admin_forums.php","pending","pending","",""
"80","49188abd133579e798475b4a25f3b63efa517506","f99c333306747d1eeb737b4cd7c0cf2d8bef4c4a","2024-08-08T11:17:07-07:00","IntegraMOD","Update viewtopic.php","pending","pending","",""
"81","cc953957526f94009572a50e81e863698b154a6d","ec7cb594a9b74c40b71ea450f5031e5188cee742","2024-08-08T11:44:48-05:00","Ray","Update admin_smilies.php","pending","pending","",""
"82","d265e7ac1b69b8c5ac638c371fcabd3781ef6f9b","f99c333306747d1eeb737b4cd7c0cf2d8bef4c4a cc953957526f94009572a50e81e863698b154a6d","2024-08-08T10:18:45-07:00","IntegraMOD","Merge pull request #6 from MWE001/main","pending","pending","",""
"83","1cf08a9d36fa3688441c4becbbfb27fa9a70717d","49188abd133579e798475b4a25f3b63efa517506 d265e7ac1b69b8c5ac638c371fcabd3781ef6f9b","2024-08-08T11:17:34-07:00","IntegraMOD","Merge branch 'main' of https://github.com/IntegraMOD/phpBB2x","pending","pending","",""
"84","a6679e21923b6b24c6bf9f32dfa529ab1b3e6ce1","d265e7ac1b69b8c5ac638c371fcabd3781ef6f9b","2024-08-08T12:48:05-05:00","Ray","Update admin_db_utilities.php","pending","pending","",""
"85","fc37ef9962611111c03ed37911bbacf9e6b4a510","1cf08a9d36fa3688441c4becbbfb27fa9a70717d a6679e21923b6b24c6bf9f32dfa529ab1b3e6ce1","2024-08-08T11:20:55-07:00","IntegraMOD","Merge pull request #7 from MWE001/main","pending","pending","",""
"86","4a626739b62b2cf36d8d2a06d8c12b9511b6a6f7","fc37ef9962611111c03ed37911bbacf9e6b4a510","2024-08-08T11:38:24-07:00","IntegraMOD","Update admin_db_utilities.php","pending","pending","",""
"87","94c05f8b9520eed5f907dd4945ea7496d7a7997d","4a626739b62b2cf36d8d2a06d8c12b9511b6a6f7","2024-08-08T13:45:01-07:00","IntegraMOD","Update install.php","pending","pending","",""
"88","508ac504dede2099a8205e2813ab6285410e37dc","94c05f8b9520eed5f907dd4945ea7496d7a7997d","2024-08-08T14:57:05-07:00","IntegraMOD","Update install.php","pending","pending","",""
"89","5690c9112f7e930590d406bc6243f2767becec16","4a626739b62b2cf36d8d2a06d8c12b9511b6a6f7","2024-08-08T16:02:07-05:00","Ray","Update sql_parse.php","pending","pending","",""
"90","01fb5cee8193bb5cd9b4aa513e3466eec9a87853","5690c9112f7e930590d406bc6243f2767becec16 94c05f8b9520eed5f907dd4945ea7496d7a7997d","2024-08-08T16:12:41-05:00","Ray","Merge branch 'IntegraMOD:main' into main","pending","pending","",""
"91","b27e15752fb6ee383504445ed2ba3cb3352def25","508ac504dede2099a8205e2813ab6285410e37dc 01fb5cee8193bb5cd9b4aa513e3466eec9a87853","2024-08-08T15:12:08-07:00","IntegraMOD","Merge pull request #9 from MWE001/main","pending","pending","",""
"92","88a4537cd448ea602775cc16344ec65523a585e2","b27e15752fb6ee383504445ed2ba3cb3352def25","2024-08-08T16:46:34-07:00","IntegraMOD","Update install.php","pending","pending","",""
"93","09a24916cdfbd7868ce5385b714e40fa1934d893","88a4537cd448ea602775cc16344ec65523a585e2","2024-08-08T17:35:49-07:00","IntegraMOD","Update admin_forums.php","pending","pending","",""
"94","1377b2868668f5ecdb3a88a118cf32d71d73a849","09a24916cdfbd7868ce5385b714e40fa1934d893","2024-08-08T19:50:03-05:00","Ray","Update install.php","pending","pending","",""
"95","4e324d680b56ea07db263eb20c834a09ea5642ae","09a24916cdfbd7868ce5385b714e40fa1934d893 1377b2868668f5ecdb3a88a118cf32d71d73a849","2024-08-08T18:35:54-07:00","IntegraMOD","Merge pull request #11 from MWE001/main","pending","pending","",""
"96","56cf23f86d615e21b7ccc4e2208dde1023fffbc3","4e324d680b56ea07db263eb20c834a09ea5642ae","2024-08-08T18:45:01-07:00","IntegraMOD","Update install.php","pending","pending","",""
"97","1d73ae4ae94e4599580c6bbb67b2ef5766ae1d54","1377b2868668f5ecdb3a88a118cf32d71d73a849","2024-08-08T21:02:51-05:00","Ray","Posting bugs Fixed for 8.3 php","pending","pending","",""
"98","728ed5f68328d688263f5686e6133a3e6cbda968","56cf23f86d615e21b7ccc4e2208dde1023fffbc3 1d73ae4ae94e4599580c6bbb67b2ef5766ae1d54","2024-08-08T20:14:14-07:00","IntegraMOD","Merge pull request #13 from MWE001/main","pending","pending","",""
"99","a65aef289649a1dbe7368ca0b34e5aba16e72809","728ed5f68328d688263f5686e6133a3e6cbda968","2024-08-09T14:56:26-05:00","Ray","Update admin_ranks.php","pending","pending","",""
"100","63fc38b0a98d801c37eb84b5a23bf4d6883d7c1a","728ed5f68328d688263f5686e6133a3e6cbda968","2024-08-09T11:18:28-07:00","IntegraMOD","Update usercp_register.php","pending","pending","",""
"101","2a3a16b3294848fe81d7780a39b89b4b7fcb23b8","a65aef289649a1dbe7368ca0b34e5aba16e72809 63fc38b0a98d801c37eb84b5a23bf4d6883d7c1a","2024-08-09T14:57:55-05:00","Ray","Merge branch 'IntegraMOD:main' into main","pending","pending","",""
"102","0554891c051e0a4ff4a709ecede9d537014028ca","63fc38b0a98d801c37eb84b5a23bf4d6883d7c1a 2a3a16b3294848fe81d7780a39b89b4b7fcb23b8","2024-08-09T15:15:30-07:00","IntegraMOD","Merge pull request #15 from MWE001/main","pending","pending","",""
"103","84097aa736f1dde211f4e02304655a8114dd003e","0554891c051e0a4ff4a709ecede9d537014028ca","2024-08-09T15:35:37-07:00","IntegraMOD","Update usercp_email.php","pending","pending","",""
"104","81e2a190ed921c46efd4b6ffabc651323ad09029","84097aa736f1dde211f4e02304655a8114dd003e","2024-08-09T15:46:55-07:00","IntegraMOD","Update search.php","pending","pending","",""
"105","ea1478a67ff0fe6c4c522a41d3f4f6116ee45d53","81e2a190ed921c46efd4b6ffabc651323ad09029","2024-08-09T20:29:51-07:00","IntegraMOD","update styles","pending","pending","",""
"106","38fc413f101f84b9d3b64839318ae4b222a494fa","ea1478a67ff0fe6c4c522a41d3f4f6116ee45d53","2024-08-10T23:06:17-07:00","IntegraMOD","Update install.php","pending","pending","",""
"107","e72d9bceb4741152a9513bd5464e6bf208360cf0","38fc413f101f84b9d3b64839318ae4b222a494fa","2024-08-12T06:57:45-07:00","IntegraMOD","Update constants.php","pending","pending","",""
"108","da56d945d43966cab3a6d84cb07ac8f3ff8cca4c","e72d9bceb4741152a9513bd5464e6bf208360cf0","2024-08-18T14:28:27-07:00","IntegraMOD","Update cookie.php","pending","pending","",""
"109","a682cb23a099f55a3cbc702c2b6654608c787ce4","da56d945d43966cab3a6d84cb07ac8f3ff8cca4c","2024-08-25T12:08:49-07:00","IntegraMOD","Update usercp_register.php","pending","pending","",""
"110","4dcd902da3aedb00de77a163df92fb89977497c4","a682cb23a099f55a3cbc702c2b6654608c787ce4","2024-08-25T12:27:21-07:00","IntegraMOD","Update common.php","pending","pending","",""
"111","329cbb1eaf40f3c26c59bde77fc2582576b55702","4dcd902da3aedb00de77a163df92fb89977497c4","2024-08-25T12:59:06-07:00","IntegraMOD","undefined variable","pending","pending","",""
"112","a2efe5266143ade28ba5cfc62d9603a6a0731858","329cbb1eaf40f3c26c59bde77fc2582576b55702","2024-08-25T14:45:04-07:00","IntegraMOD","update","pending","pending","",""
"113","a4cd17201486110695e27aeb38ff42a89448378e","a2efe5266143ade28ba5cfc62d9603a6a0731858","2024-08-25T20:06:28-07:00","IntegraMOD","Hero Template","pending","pending","",""
"114","1beae2adf1fde93bf1ca43b8c5c6896d5bea643e","a4cd17201486110695e27aeb38ff42a89448378e","2024-08-26T17:27:38-07:00","IntegraMOD","Update privmsg.php","pending","pending","",""
"115","9062517dcee5f062b51ec5e1270c208e9905c54a","1beae2adf1fde93bf1ca43b8c5c6896d5bea643e","2024-08-26T17:48:59-07:00","IntegraMOD","Update mysqli.php","pending","pending","",""
"116","b4fa3339ce6a71bc1813eab26c3a8eece210edb3","9062517dcee5f062b51ec5e1270c208e9905c54a","2024-08-27T12:04:23-07:00","IntegraMOD","Update admin_styles.php","pending","pending","",""
"117","4b636a1a1bb62a2a50ba6666f7ac828814589236","b4fa3339ce6a71bc1813eab26c3a8eece210edb3","2024-08-27T20:54:30-05:00","Ray","Create registration_spam_mod_101.txt","pending","pending","",""
"118","f89b544f6fd6a63f9b7f40f4fa9040e46d34bb42","b4fa3339ce6a71bc1813eab26c3a8eece210edb3","2024-08-27T17:05:10-07:00","IntegraMOD","modcp","pending","pending","",""
"119","9c4954c21bb4286a2a9771e054dad2f07a3c3444","4b636a1a1bb62a2a50ba6666f7ac828814589236 f89b544f6fd6a63f9b7f40f4fa9040e46d34bb42","2024-08-27T20:55:14-05:00","Ray","Merge branch 'IntegraMOD:main' into main","pending","pending","",""
"120","9f6632145c4ea983267bf2c2177794558972908a","9c4954c21bb4286a2a9771e054dad2f07a3c3444","2024-08-28T20:30:07-05:00","Ray","Rules and Policies Mod","pending","pending","",""
"121","059872ed26b325203a9f0d852a85384c3ad0573c","f89b544f6fd6a63f9b7f40f4fa9040e46d34bb42 9f6632145c4ea983267bf2c2177794558972908a","2024-08-28T18:34:57-07:00","IntegraMOD","Merge pull request #18 from MWE001/main","pending","pending","",""
"122","e2363f47ccc39c9bbf320e175d77119867f44190","059872ed26b325203a9f0d852a85384c3ad0573c","2024-09-26T17:52:34-07:00","IntegraMOD","fix db already closed errror","pending","pending","",""
"123","074d779a935f1ecad02f5e1f6ebb9c1e45695a2f","e2363f47ccc39c9bbf320e175d77119867f44190","2024-10-03T17:04:38-07:00","IntegraMOD","Updates","pending","pending","",""
"124","801337177454c914c72e8bda64960b4dd0cbad7c","074d779a935f1ecad02f5e1f6ebb9c1e45695a2f","2024-10-06T12:10:58-07:00","IntegraMOD","remove mod files","pending","pending","",""
"125","eff867ccf386049a7eec04e3375b6b3ce2b621cd","801337177454c914c72e8bda64960b4dd0cbad7c","2024-10-06T13:05:16-07:00","IntegraMOD","update hero login","pending","pending","",""
"126","760c19edf78e7a883ad91453abf9ba551d67550c","eff867ccf386049a7eec04e3375b6b3ce2b621cd","2024-10-13T09:01:04-07:00","IntegraMOD","Update smtp.php","pending","pending","",""
"127","e0ba7fccc7569ec4fe369f14e54df551cbf46de4","760c19edf78e7a883ad91453abf9ba551d67550c","2024-10-13T17:41:07-07:00","IntegraMOD","add link to own profile","pending","pending","",""
"128","e1e1bfa3f68aed4e6afff3d605b61b6d79aa0dd8","e0ba7fccc7569ec4fe369f14e54df551cbf46de4","2024-10-16T20:56:28-07:00","IntegraMOD","Update mysqli.php","pending","pending","",""
"129","bb5d90d4ad0b2d747174efa42229cdd91c9abbf5","e1e1bfa3f68aed4e6afff3d605b61b6d79aa0dd8","2024-10-19T16:57:22-07:00","IntegraMOD","update captcha","pending","pending","",""
"130","63a8f1c8fb4832dbdbe28ff3711c34e3dd5ac87d","bb5d90d4ad0b2d747174efa42229cdd91c9abbf5","2024-10-28T10:53:01-07:00","IntegraMOD","Update viewtopic.php","pending","pending","",""
"131","b9850df364b08edd66d839e49a76662ef3fd85e6","63a8f1c8fb4832dbdbe28ff3711c34e3dd5ac87d","2024-10-28T10:55:43-07:00","IntegraMOD","Update index.php","pending","pending","",""
"132","1290799af47bb45d40ff4e6c6d1c6f248ad0d4f3","b9850df364b08edd66d839e49a76662ef3fd85e6","2024-10-29T11:52:23-07:00","IntegraMOD","tpl updates","pending","pending","",""
"133","fff5d456d4f2d3d44678dfaa9ec4a276312a77e4","1290799af47bb45d40ff4e6c6d1c6f248ad0d4f3","2024-10-30T12:43:47+09:00","akuna-matata89","fix first bug","pending","pending","",""
"134","9bba2b849fa1c145c0fc6399f39c0339a05d8d37","1290799af47bb45d40ff4e6c6d1c6f248ad0d4f3 fff5d456d4f2d3d44678dfaa9ec4a276312a77e4","2024-10-29T21:15:47-07:00","IntegraMOD","Merge pull request #19 from akuna-matata89/patch-1","pending","pending","",""
"135","fcca00195ad04ddeb0b68bde6ccc2a9112f6d8dc","9bba2b849fa1c145c0fc6399f39c0339a05d8d37","2024-10-30T16:35:18-07:00","IntegraMOD","mod updates","pending","pending","",""
"136","4f95255d11c22ef454e4f6aeaf93de0e7939d33b","fcca00195ad04ddeb0b68bde6ccc2a9112f6d8dc","2024-10-30T22:25:35-07:00","IntegraMOD","Update admin_settings.php","pending","pending","",""
"137","26df2e4a6fcd1d39c749c50e54187921e0de3223","4f95255d11c22ef454e4f6aeaf93de0e7939d33b","2024-10-31T07:03:43-07:00","IntegraMOD","pafiledb","pending","pending","",""
"138","4daefc842c2c0d1d33d26f7df40d06dbfca9a897","26df2e4a6fcd1d39c749c50e54187921e0de3223","2024-11-01T13:36:09-07:00","IntegraMOD","php5.6","pending","pending","",""
"139","dc296d6e335629126110b7f377b0ab6116d01f3f","4daefc842c2c0d1d33d26f7df40d06dbfca9a897","2024-11-01T23:53:05-07:00","IntegraMOD","Update install.php","pending","pending","",""
"140","5d5e7455da880b01819cd5508ceebf8cdfe808b7","dc296d6e335629126110b7f377b0ab6116d01f3f","2024-11-03T15:33:49-08:00","IntegraMOD","Update category.php","pending","pending","",""
"141","2c8c2614bef8fa9782c05571e138c9c0e0c0774d","4daefc842c2c0d1d33d26f7df40d06dbfca9a897","2024-11-01T15:58:34-07:00","IntegraMOD","Update README.md","pending","pending","",""
"142","10b36b4d8bd8cc583734b950af6662766f19d37f","2c8c2614bef8fa9782c05571e138c9c0e0c0774d","2024-11-01T15:59:37-07:00","IntegraMOD","Update README.md","pending","pending","",""
"143","eda5adc6812c0e3f3d29326df89cb3cf389b8599","10b36b4d8bd8cc583734b950af6662766f19d37f","2024-11-01T16:00:36-07:00","IntegraMOD","Update README.md","pending","pending","",""
"144","8f84830e675d0337fa7ddbedde5d78a6742ee51a","5d5e7455da880b01819cd5508ceebf8cdfe808b7 eda5adc6812c0e3f3d29326df89cb3cf389b8599","2024-11-03T15:33:57-08:00","IntegraMOD","Merge branch 'main' of https://github.com/IntegraMOD/phpBB2x","pending","pending","",""
"145","e527f3f9d1204869b2def700606ee7ec3c305abe","8f84830e675d0337fa7ddbedde5d78a6742ee51a","2024-11-04T12:34:14-08:00","IntegraMOD","reformat","pending","pending","",""
"146","5b33eff6ce61a286eaddc7527524d7b138ee5d0a","e527f3f9d1204869b2def700606ee7ec3c305abe","2024-11-08T22:11:12-08:00","IntegraMOD","Update pdo.php","pending","pending","",""
"147","5d346d8a43effac99f8f466664d6fb91b0deec9a","5b33eff6ce61a286eaddc7527524d7b138ee5d0a","2024-11-09T11:00:05-08:00","IntegraMOD","updates","pending","pending","",""
"148","2ceb4c94362573e6b7cfc5c0295eec2d9c2b0ffa","5d346d8a43effac99f8f466664d6fb91b0deec9a","2024-11-10T16:23:01-08:00","IntegraMOD","Digests Mod","pending","pending","",""
"149","377f8d1549f18fb3845e84bfa3a654e63e3e4b6f","2ceb4c94362573e6b7cfc5c0295eec2d9c2b0ffa","2024-11-10T16:28:06-08:00","IntegraMOD","pdo","pending","pending","",""
"150","be3f3fbb66a6be421e4e18439ae299a85f1a19fe","377f8d1549f18fb3845e84bfa3a654e63e3e4b6f","2024-11-10T19:30:37-08:00","IntegraMOD","Update install.txt","pending","pending","",""
"151","3ed2c3708b465878ac5643d598389848f6fe9bbc","be3f3fbb66a6be421e4e18439ae299a85f1a19fe","2024-11-16T10:41:14-08:00","IntegraMOD","emailer","pending","pending","",""
"152","1c64ba9921e2c1cd1d4b379384ad890a9f0869b4","3ed2c3708b465878ac5643d598389848f6fe9bbc","2024-11-17T16:20:35-08:00","IntegraMOD","Update functions_post.php","pending","pending","",""
"153","1aae84254d71a0419a4ed2d2f25646633a466b37","1c64ba9921e2c1cd1d4b379384ad890a9f0869b4","2024-11-17T16:59:02-08:00","IntegraMOD","BS_Subsilver","pending","pending","",""
"154","bda7ded0f5c5044c2465081e6d1a2082b42a8757","1aae84254d71a0419a4ed2d2f25646633a466b37","2024-11-20T07:29:28-08:00","IntegraMOD","Update admin_userlist.php","pending","pending","",""
"155","799f1dd9eb2b411ac9c940b6f6f0fb58adafa013","bda7ded0f5c5044c2465081e6d1a2082b42a8757","2024-12-04T05:42:05-08:00","IntegraMOD","count update","pending","pending","",""
"156","1fd4a60a4e810f7fea856e3e46f603ded505ffdb","3ed2c3708b465878ac5643d598389848f6fe9bbc","2024-11-17T09:09:15-06:00","Ray","Update mysql4.php","pending","pending","",""
"157","7896eecfbd06b4050e0bde15f661f88395dfcde1","1fd4a60a4e810f7fea856e3e46f603ded505ffdb bda7ded0f5c5044c2465081e6d1a2082b42a8757","2024-11-20T17:24:37-06:00","Ray","Merge branch 'main' of https://github.com/MWE001/phpBB2x","pending","pending","",""
"158","8523b76cdf7ca36c496d6bade8cc73546b90b695","bda7ded0f5c5044c2465081e6d1a2082b42a8757 7896eecfbd06b4050e0bde15f661f88395dfcde1","2024-11-30T11:06:23-08:00","IntegraMOD","Merge pull request #21 from MWE001/main","pending","pending","",""
"159","41e6e430046ad9aa7cd26433f70ba0582d2b9b7c","799f1dd9eb2b411ac9c940b6f6f0fb58adafa013 8523b76cdf7ca36c496d6bade8cc73546b90b695","2024-12-04T05:44:10-08:00","IntegraMOD","Merge branch 'main' of https://github.com/IntegraMOD/phpBB2x","pending","pending","",""
"160","a880cbd30df8736b034e9864472cb82cd8bd889f","41e6e430046ad9aa7cd26433f70ba0582d2b9b7c","2024-12-07T01:58:19-08:00","IntegraMOD","fix Undefined array keys in mods","pending","pending","",""
"161","117247fcba6c22b82cc04b0eb8bcf4f962ae859e","a880cbd30df8736b034e9864472cb82cd8bd889f","2024-12-07T01:59:06-08:00","IntegraMOD","subsilver responsive fixes","pending","pending","",""
"162","e61b80fac8d4ccfebe2a58e1546d0da7a7242ff1","117247fcba6c22b82cc04b0eb8bcf4f962ae859e","2024-12-07T01:59:44-08:00","IntegraMOD","update viewtopic","pending","pending","",""
"163","15430b0a91e71000f0667cbea235890188602a47","e61b80fac8d4ccfebe2a58e1546d0da7a7242ff1","2024-12-07T03:07:09-08:00","IntegraMOD","Update digest_constants.php","pending","pending","",""
"164","f6f20aaa945b1b831c7d3d7661f476b16d253b00","15430b0a91e71000f0667cbea235890188602a47","2024-12-07T13:53:34-08:00","IntegraMOD","pafiledb","pending","pending","",""
"165","72253d4be8ec326ab482b4671d323c7ae561b18f","f6f20aaa945b1b831c7d3d7661f476b16d253b00","2024-12-08T15:29:09-08:00","IntegraMOD","Update functions_post.php","pending","pending","",""
"166","a0d937c117d7fdfb234416153f0fa5b9b4701806","72253d4be8ec326ab482b4671d323c7ae561b18f","2024-12-08T15:29:31-08:00","IntegraMOD","Update sessions.php","pending","pending","",""
"167","011983652f54d59be8deee3c97fe79f2ebb20cf5","a0d937c117d7fdfb234416153f0fa5b9b4701806","2024-12-14T16:43:24-08:00","IntegraMOD","Update admin_userlist.php","pending","pending","",""
"168","57093ec88d117a1de6bb9ef0f5cc7999371f1575","011983652f54d59be8deee3c97fe79f2ebb20cf5","2025-03-18T15:58:44-07:00","IntegraMOD","fix undefined variable","pending","pending","",""
"169","235e38a87b45e680d95264d6ff93a6265f8f1026","57093ec88d117a1de6bb9ef0f5cc7999371f1575","2025-03-18T15:59:10-07:00","IntegraMOD","error reporting","pending","pending","",""
"170","11d8a88416e927d67fe3c83497b8e2d53cf7b8d2","235e38a87b45e680d95264d6ff93a6265f8f1026","2025-03-18T15:59:44-07:00","IntegraMOD","mod","pending","pending","",""
"171","123a03ef39136cfff70ddcdedb095419fa79e22b","11d8a88416e927d67fe3c83497b8e2d53cf7b8d2","2025-03-22T13:49:56-05:00","Andrew Sullivan","Update sessions.php","pending","pending","",""
"172","a99ac9d5d69259a02eedc1ac8eab8cf10be76381","123a03ef39136cfff70ddcdedb095419fa79e22b","2025-03-22T19:58:07-05:00","Andrew Sullivan","Update page_tail.php","pending","pending","",""
"173","fe024646e2297996a0c57d517999bd832a0f6ab1","11d8a88416e927d67fe3c83497b8e2d53cf7b8d2 a99ac9d5d69259a02eedc1ac8eab8cf10be76381","2025-04-01T14:59:46-07:00","IntegraMOD","Merge pull request #23 from asullivanr/main","pending","pending","",""
"174","cd1d791a94aea22854ecfdb865f7914a5c739521","fe024646e2297996a0c57d517999bd832a0f6ab1","2025-05-31T15:33:33-07:00","IntegraMOD","Update viewonline.php","pending","pending","",""
"175","240495a8d8e0abf95befa4db7579a6f60940d799","cd1d791a94aea22854ecfdb865f7914a5c739521","2025-06-05T21:19:24-07:00","IntegraMOD","Log user actions","pending","pending","",""
"176","454a44305d7cf54ee619b640c3472882adb3d6b4","240495a8d8e0abf95befa4db7579a6f60940d799","2025-06-05T21:58:42-07:00","IntegraMOD","Update log_actions_uninstall_tables.php","pending","pending","",""
"177","fa10a62aafc8a66445d7d75a2dae7822b3feb4c3","454a44305d7cf54ee619b640c3472882adb3d6b4","2025-08-01T16:38:35-07:00","IntegraMOD","update","pending","pending","",""
"178","1ed866ed293bfe11304b6be25f915b944edd6bbe","fa10a62aafc8a66445d7d75a2dae7822b3feb4c3","2025-08-01T17:02:10-07:00","IntegraMOD","remove accidental folder","pending","pending","",""
"179","0c987e128454370604317fccce60f2215ee7697e","1ed866ed293bfe11304b6be25f915b944edd6bbe","2025-08-03T15:54:35-07:00","IntegraMOD","updates","pending","pending","",""
"180","64f3cc8f9149cd69f1f830077dd5ac8c94cd4242","0c987e128454370604317fccce60f2215ee7697e","2025-08-03T16:00:20-07:00","IntegraMOD","Hero","pending","pending","",""
"181","b80231abf9ccbdc7f2de3a06312fcb9d0cb02635","64f3cc8f9149cd69f1f830077dd5ac8c94cd4242","2025-08-03T17:21:11-07:00","IntegraMOD","cleanup","pending","pending","",""
"182","7853b9552e99110e1f05ffc6780c0b96887d67da","b80231abf9ccbdc7f2de3a06312fcb9d0cb02635","2025-08-06T14:22:28-07:00","IntegraMOD","Update mysqli.php","pending","pending","",""
"183","1e2378c21478bd2b0e184452e8ddde2514e01021","7853b9552e99110e1f05ffc6780c0b96887d67da","2025-08-07T21:45:10-07:00","IntegraMOD","registration fields","pending","pending","",""
"184","e95c6c29b37c1c19c76f3d7a499688de53fddf7e","1e2378c21478bd2b0e184452e8ddde2514e01021","2025-08-09T12:41:24-07:00","IntegraMOD","templates","pending","pending","",""
"185","aef0afcf27a78355e79d8a22001ca740cb581e60","e95c6c29b37c1c19c76f3d7a499688de53fddf7e","2025-08-09T14:40:49-07:00","IntegraMOD","responsive subsilver","pending","pending","",""
"186","e7f2f00e84d2a9f156ed14b4795ce10d77df3036","aef0afcf27a78355e79d8a22001ca740cb581e60","2025-08-09T14:53:34-07:00","IntegraMOD","logo","pending","pending","",""
"187","092f398d33e3505c773fb16a00f3fce42e3d8291","e7f2f00e84d2a9f156ed14b4795ce10d77df3036","2025-08-10T17:06:05-07:00","IntegraMOD","common","pending","pending","",""
"188","f0b6920501ae2c2bc5744708c0f5d43f7f0604db","092f398d33e3505c773fb16a00f3fce42e3d8291","2026-04-06T21:45:42-07:00","IntegraMOD","MISC php8.5 errors","pending","pending","",""
"189","861c6412547500301c34b48832657db7a7908237","f0b6920501ae2c2bc5744708c0f5d43f7f0604db","2026-04-19T11:31:18-07:00","IntegraMOD","clean up","pending","pending","",""
"190","e56047ead370c67e7f1d2f00e8061ae405cd9bd4","861c6412547500301c34b48832657db7a7908237","2026-05-02T19:05:23-07:00","IntegraMOD","Update mysql_schema.sql","pending","pending","",""
"191","de34a059648dad0f8c876bc243eb0605d57cb0f3","e56047ead370c67e7f1d2f00e8061ae405cd9bd4","2026-05-16T17:32:19-07:00","IntegraMOD","Update install.php","pending","pending","",""
"192","efd03c8b896702bd0bb9d55f0f0891c1ecf67253","de34a059648dad0f8c876bc243eb0605d57cb0f3","2026-07-10T05:51:51-07:00","IntegraMOD","Update string escaping for PHP 8.5 compatibility","pending","pending","",""
"193","87340364da61664c5b1fbb3f3a2aac469d644d01","efd03c8b896702bd0bb9d55f0f0891c1ecf67253","2026-07-10T21:02:18-07:00","IntegraMOD","restore files","pending","pending","",""
"194","ddb5f71442d79c67da5ae82e305b8a4f96ef837c","87340364da61664c5b1fbb3f3a2aac469d644d01","2026-07-10T21:44:27-07:00","IntegraMOD","Update admin_styles.php","pending","pending","",""
"195","a84881c1bf718d4e15011cc8fcf7cd6b017a0fd4","ddb5f71442d79c67da5ae82e305b8a4f96ef837c","2026-07-11T12:14:05-07:00","IntegraMOD","Update common.php","pending","pending","",""
"196","5ff96c6a474bdc2f3c7c438414abafd9368e598d","ddb5f71442d79c67da5ae82e305b8a4f96ef837c","2026-07-11T00:04:20-07:00","Helter","Update PHP version compatibility to 8.5x","pending","pending","",""
"197","cdc94d12417c5f8f81eceb3d7f14877f1ea4d3f0","5ff96c6a474bdc2f3c7c438414abafd9368e598d","2026-07-11T08:36:12-07:00","Helter","Update mysqli support and fix duplicate entry in README","pending","pending","",""
"198","dcc96e967f377afa63e3eab683d46459d2338607","a84881c1bf718d4e15011cc8fcf7cd6b017a0fd4 cdc94d12417c5f8f81eceb3d7f14877f1ea4d3f0","2026-07-11T12:14:20-07:00","IntegraMOD","Merge branch 'main' of https://github.com/IntegraMOD/phpBB2x","pending","pending","",""
"199","4e9717dcb5f67185abce8bb7e29192f887da2007","dcc96e967f377afa63e3eab683d46459d2338607","2026-08-19T20:03:55-07:00","IntegraMOD","fix: PHP 8.5 compatibility and IPv6 support","pending","pending","",""
"200","42d83e20299ebce7ba7ac919c265e23fb5458bcb","4e9717dcb5f67185abce8bb7e29192f887da2007","2026-08-19T20:15:40-07:00","IntegraMOD","fix: responsive viewtopic layout — prevent post content stacking on small screens","pending","pending","",""
"201","9a860a721925af2bf8bcfd9f25bf04ba551cc74d","42d83e20299ebce7ba7ac919c265e23fb5458bcb","2026-08-19T20:16:18-07:00","IntegraMOD","version id","pending","pending","",""
